filename,Photo Number,weight
1_s_106_M.jpg,1,106
1_s_131_F.jpg,1,131
1_s_136_F.jpg,1,136
1_s_144_F.jpg,1,144
1_s_36_F.jpg,1,36
1_s_64_F.jpg,1,64
2_s_140_F.jpg,2,140
2_s_152_F.jpg,2,152
2_s_176_F.jpg,2,176
2_s_183_F.jpg,2,183
2_s_65_F.jpg,2,65
2_s_70_F.jpg,2,70
3_s_129_F.jpg,3,129
3_s_177_F.jpg,3,177
3_s_204_F.jpg,3,204
3_s_207_F.jpg,3,207
3_s_68_F.jpg,3,68
3_s_73_M.jpg,3,73
4_s_106_F.jpg,4,106
4_s_138_F.jpg,4,138
4_s_213_F.jpg,4,213
4_s_68_M.jpg,4,68
4_s_77_F.jpg,4,77
4_s_78_M.jpg,4,78
5_s_114_F.jpg,5,114
5_s_146_F.jpg,5,146
5_s_147_M.jpg,5,147
5_s_74_F.jpg,5,74
5_s_78_F.jpg,5,78
6_s_147_M.jpg,6,147
6_s_164_F.jpg,6,164
6_s_190_F.jpg,6,190
6_s_76_F.jpg,6,76
6_s_79_F.jpg,6,79
7_s_150_F.jpg,7,150
7_s_152_F.jpg,7,152
7_s_174_F.jpg,7,174
7_s_78_F.jpg,7,78
7_s_79_M.jpg,7,79
8_s_117_M.jpg,8,117
8_s_155_F.jpg,8,155
8_s_218_F.jpg,8,218
8_s_229_F.jpg,8,229
8_s_81_F.jpg,8,81
8_s_83_F.jpg,8,83
9_s_144_M.jpg,9,144
9_s_166_F.jpg,9,166
9_s_181_F.jpg,9,181
9_s_81_F.jpg,9,81
9_s_83_F.jpg,9,83
10_s_114_F.jpg,10,114
10_s_117_F.jpg,10,117
10_s_155_F.jpg,10,155
10_s_215_M.jpg,10,215
10_s_82_M.jpg,10,82
10_s_87_F.jpg,10,87
11_s_134_M.jpg,11,134
11_s_148_F.jpg,11,148
11_s_172_F.jpg,11,172
11_s_83_M.jpg,11,83
11_s_90_F.jpg,11,90
11_s_96_F.jpg,11,96
12_s_117_F.jpg,12,117
12_s_168_F.jpg,12,168
12_s_171_F.jpg,12,171
12_s_172_F.jpg,12,172
12_s_84_M.jpg,12,84
12_s_94_F.jpg,12,94
13_s_110_F.jpg,13,110
13_s_120_F.jpg,13,120
13_s_129_M.jpg,13,129
13_s_172_F.jpg,13,172
13_s_85_M.jpg,13,85
13_s_94_F.jpg,13,94
14_s_164_F.jpg,14,164
14_s_177_F.jpg,14,177
14_s_85_F.jpg,14,85
14_s_96_M.jpg,14,96
14_s_99_M.jpg,14,99
15_s_101_M.jpg,15,101
15_s_148_F.jpg,15,148
15_s_158_F.jpg,15,158
15_s_85_F.jpg,15,85
15_s_90_M.jpg,15,90
16_s_102_F.jpg,16,102
16_s_160_F.jpg,16,160
16_s_172_F.jpg,16,172
16_s_209_F.jpg,16,209
16_s_87_F.jpg,16,87
16_s_92_M.jpg,16,92
17_s_102_F.jpg,17,102
17_s_135_F.jpg,17,135
17_s_164_F.jpg,17,164
17_s_177_F.jpg,17,177
17_s_179_F.jpg,17,179
17_s_87_M.jpg,17,87
18_s_102_M.jpg,18,102
18_s_141_F.jpg,18,141
18_s_164_F.jpg,18,164
18_s_172_F.jpg,18,172
18_s_87_M.jpg,18,87
19_s_104_M.jpg,19,104
19_s_133_M.jpg,19,133
19_s_153_F.jpg,19,153
19_s_177_M.jpg,19,177
19_s_87_M.jpg,19,87
20_s_104_M.jpg,20,104
20_s_119_M.jpg,20,119
20_s_152_M.jpg,20,152
20_s_158_F.jpg,20,158
20_s_161_F.jpg,20,161
20_s_89_F.jpg,20,89
21_s_104_F.jpg,21,104
21_s_127_F.jpg,21,127
21_s_147_F.jpg,21,147
21_s_177_F.jpg,21,177
21_s_89_F.jpg,21,89
22_s_104_M.jpg,22,104
22_s_128_F.jpg,22,128
22_s_131_F.jpg,22,131
22_s_166_F.jpg,22,166
22_s_226_F.jpg,22,226
22_s_89_F.jpg,22,89
23_s_107_F.jpg,23,107
23_s_120_F.jpg,23,120
23_s_148_F.jpg,23,148
23_s_162_F.jpg,23,162
23_s_166_F.jpg,23,166
23_s_89_F.jpg,23,89
24_s_107_M.jpg,24,107
24_s_114_F.jpg,24,114
24_s_131_F.jpg,24,131
24_s_214_F.jpg,24,214
24_s_83_F.jpg,24,83
24_s_89_F.jpg,24,89
25_s_107_M.jpg,25,107
25_s_122_F.jpg,25,122
25_s_150_F.jpg,25,150
25_s_168_M.jpg,25,168
25_s_268_F.jpg,25,268
25_s_92_F.jpg,25,92
26_s_107_F.jpg,26,107
26_s_153_F.jpg,26,153
26_s_156_F.jpg,26,156
26_s_168_F.jpg,26,168
26_s_184_F.jpg,26,184
26_s_94_M.jpg,26,94
27_s_109_F.jpg,27,109
27_s_147_F.jpg,27,147
27_s_155_F.jpg,27,155
27_s_181_F.jpg,27,181
28_s_109_F.jpg,28,109
28_s_140_F.jpg,28,140
28_s_143_F.jpg,28,143
28_s_176_F.jpg,28,176
28_s_190_F.jpg,28,190
29_s_109_M.jpg,29,109
29_s_117_M.jpg,29,117
29_s_143_F.jpg,29,143
29_s_147_M.jpg,29,147
29_s_149_F.jpg,29,149
29_s_97_F.jpg,29,97
30_s_110_F.jpg,30,110
30_s_149_F.jpg,30,149
30_s_188_F.jpg,30,188
30_s_214_F.jpg,30,214
30_s_98_M.jpg,30,98
31_s_110_F.jpg,31,110
31_s_147_F.jpg,31,147
31_s_152_F.jpg,31,152
31_s_160_F.jpg,31,160
31_s_179_F.jpg,31,179
31_s_99_F.jpg,31,99
32_s_110_F.jpg,32,110
32_s_114_F.jpg,32,114
32_s_129_F.jpg,32,129
32_s_197_F.jpg,32,197
32_s_212_F.jpg,32,212
32_s_99_F.jpg,32,99
33_s_110_F.jpg,33,110
33_s_156_F.jpg,33,156
33_s_174_F.jpg,33,174
33_s_99_F.jpg,33,99
34_s_104_F.jpg,34,104
34_s_110_F.jpg,34,110
34_s_131_F.jpg,34,131
34_s_167_F.jpg,34,167
34_s_99_M.jpg,34,99
35_s_110_F.jpg,35,110
35_s_131_M.jpg,35,131
35_s_170_F.jpg,35,170
35_s_179_F.jpg,35,179
35_s_212_F.jpg,35,212
35_s_99_F.jpg,35,99
36_s_101_F.jpg,36,101
36_s_111_F.jpg,36,111
36_s_123_F.jpg,36,123
36_s_148_F.jpg,36,148
36_s_172_F.jpg,36,172
36_s_204_M.jpg,36,204
37_s_102_F.jpg,37,102
37_s_102_M.jpg,37,102
37_s_104_F.jpg,37,104
37_s_111_F.jpg,37,111
37_s_136_F.jpg,37,136
37_s_204_F.jpg,37,204
38_s_102_F.jpg,38,102
38_s_114_F.jpg,38,114
38_s_126_F.jpg,38,126
38_s_132_F.jpg,38,132
38_s_202_F.jpg,38,202
38_s_236_M.jpg,38,236
39_s_100_F.jpg,39,100
39_s_103_M.jpg,39,103
39_s_106_F.jpg,39,106
39_s_114_F.jpg,39,114
39_s_118_F.jpg,39,118
39_s_156_F.jpg,39,156
40_s_104_M.jpg,40,104
40_s_114_F.jpg,40,114
40_s_118_F.jpg,40,118
40_s_131_F.jpg,40,131
40_s_147_F.jpg,40,147
41_s_104_F.jpg,41,104
41_s_109_M.jpg,41,109
41_s_114_F.jpg,41,114
41_s_115_F.jpg,41,115
41_s_150_F.jpg,41,150
41_s_77_F.jpg,41,77
42_s_104_F.jpg,42,104
42_s_114_M.jpg,42,114
42_s_115_F.jpg,42,115
42_s_146_M.jpg,42,146
42_s_167_M.jpg,42,167
42_s_180_F.jpg,42,180
43_s_106_F.jpg,43,106
43_s_114_M.jpg,43,114
43_s_141_M.jpg,43,141
43_s_181_F.jpg,43,181
43_s_94_F.jpg,43,94
44_s_106_M.jpg,44,106
44_s_114_F.jpg,44,114
44_s_117_F.jpg,44,117
44_s_201_F.jpg,44,201
44_s_222_F.jpg,44,222
44_s_87_F.jpg,44,87
45_s_106_F.jpg,45,106
45_s_114_F.jpg,45,114
45_s_126_F.jpg,45,126
45_s_157_F.jpg,45,157
46_s_106_F.jpg,46,106
46_s_115_F.jpg,46,115
46_s_126_F.jpg,46,126
46_s_138_F.jpg,46,138
46_s_144_F.jpg,46,144
46_s_147_M.jpg,46,147
47_s_106_F.jpg,47,106
47_s_117_F.jpg,47,117
47_s_122_F.jpg,47,122
47_s_123_F.jpg,47,123
47_s_160_F.jpg,47,160
47_s_99_M.jpg,47,99
48_s_102_F.jpg,48,102
48_s_109_F.jpg,48,109
48_s_111_F.jpg,48,111
48_s_114_F.jpg,48,114
48_s_117_F.jpg,48,117
49_s_109_F.jpg,49,109
49_s_110_F.jpg,49,110
49_s_117_M.jpg,49,117
49_s_150_F.jpg,49,150
49_s_177_F.jpg,49,177
49_s_178_F.jpg,49,178
50_s_117_F.jpg,50,117
50_s_141_F.jpg,50,141
50_s_148_M.jpg,50,148
50_s_150_F.jpg,50,150
50_s_99_F.jpg,50,99
51_s_109_M.jpg,51,109
51_s_117_M.jpg,51,117
51_s_123_F.jpg,51,123
51_s_149_F.jpg,51,149
51_s_169_F.jpg,51,169
51_s_92_F.jpg,51,92
52_s_107_F.jpg,52,107
52_s_109_M.jpg,52,109
52_s_117_F.jpg,52,117
52_s_129_F.jpg,52,129
52_s_172_M.jpg,52,172
52_s_92_F.jpg,52,92
53_s_110_F.jpg,53,110
53_s_117_F.jpg,53,117
53_s_133_F.jpg,53,133
53_s_176_F.jpg,53,176
53_s_197_F.jpg,53,197
54_s_111_F.jpg,54,111
54_s_117_F.jpg,54,117
54_s_128_F.jpg,54,128
54_s_164_F.jpg,54,164
54_s_199_M.jpg,54,199
55_s_111_F.jpg,55,111
55_s_111_M.jpg,55,111
55_s_117_F.jpg,55,117
55_s_140_F.jpg,55,140
55_s_172_F.jpg,55,172
56_s_111_M.jpg,56,111
56_s_114_F.jpg,56,114
56_s_117_M.jpg,56,117
56_s_162_F.jpg,56,162
56_s_209_F.jpg,56,209
57_s_111_M.jpg,57,111
57_s_117_F.jpg,57,117
57_s_129_F.jpg,57,129
57_s_158_F.jpg,57,158
57_s_234_M.jpg,57,234
58_s_112_F.jpg,58,112
58_s_117_F.jpg,58,117
58_s_119_F.jpg,58,119
58_s_188_F.jpg,58,188
59_s_112_F.jpg,59,112
59_s_117_F.jpg,59,117
59_s_148_F.jpg,59,148
59_s_150_F.jpg,59,150
59_s_153_F.jpg,59,153
60_s_112_F.jpg,60,112
60_s_117_F.jpg,60,117
60_s_133_F.jpg,60,133
60_s_159_F.jpg,60,159
60_s_206_F.jpg,60,206
61_s_114_F.jpg,61,114
61_s_128_M.jpg,61,128
61_s_152_F.jpg,61,152
61_s_179_F.jpg,61,179
62_s_114_M.jpg,62,114
62_s_117_M.jpg,62,117
62_s_119_F.jpg,62,119
62_s_172_F.jpg,62,172
62_s_199_F.jpg,62,199
63_s_114_M.jpg,63,114
63_s_117_F.jpg,63,117
63_s_129_F.jpg,63,129
63_s_214_F.jpg,63,214
64_s_114_F.jpg,64,114
64_s_117_F.jpg,64,117
64_s_119_M.jpg,64,119
64_s_176_F.jpg,64,176
64_s_192_F.jpg,64,192
65_s_114_F.jpg,65,114
65_s_117_M.jpg,65,117
65_s_160_F.jpg,65,160
65_s_186_F.jpg,65,186
65_s_77_F.jpg,65,77
66_s_114_M.jpg,66,114
66_s_117_F.jpg,66,117
66_s_186_F.jpg,66,186
66_s_194_F.jpg,66,194
67_s_102_M.jpg,67,102
67_s_115_F.jpg,67,115
67_s_119_M.jpg,67,119
67_s_194_F.jpg,67,194
68_s_115_F.jpg,68,115
68_s_120_F.jpg,68,120
68_s_166_F.jpg,68,166
68_s_183_F.jpg,68,183
68_s_97_F.jpg,68,97
69_s_102_F.jpg,69,102
69_s_115_F.jpg,69,115
69_s_120_M.jpg,69,120
69_s_209_F.jpg,69,209
69_s_228_F.jpg,69,228
70_s_117_M.jpg,70,117
70_s_120_M.jpg,70,120
70_s_125_F.jpg,70,125
70_s_125_M.jpg,70,125
70_s_92_F.jpg,70,92
71_s_117_M.jpg,71,117
71_s_120_M.jpg,71,120
71_s_174_F.jpg,71,174
71_s_180_F.jpg,71,180
71_s_223_F.jpg,71,223
72_s_117_M.jpg,72,117
72_s_120_F.jpg,72,120
72_s_133_M.jpg,72,133
72_s_135_F.jpg,72,135
72_s_136_F.jpg,72,136
73_s_111_F.jpg,73,111
73_s_117_M.jpg,73,117
73_s_120_F.jpg,73,120
73_s_176_F.jpg,73,176
73_s_184_F.jpg,73,184
74_s_117_F.jpg,74,117
74_s_120_F.jpg,74,120
74_s_173_F.jpg,74,173
74_s_177_F.jpg,74,177
74_s_195_F.jpg,74,195
75_s_117_F.jpg,75,117
75_s_120_M.jpg,75,120
75_s_147_F.jpg,75,147
75_s_170_F.jpg,75,170
75_s_256_F.jpg,75,256
76_s_117_F.jpg,76,117
76_s_120_F.jpg,76,120
76_s_153_F.jpg,76,153
76_s_172_F.jpg,76,172
77_s_117_M.jpg,77,117
77_s_120_F.jpg,77,120
77_s_150_F.jpg,77,150
77_s_190_F.jpg,77,190
77_s_262_F.jpg,77,262
77_s_92_F.jpg,77,92
78_s_119_F.jpg,78,119
78_s_122_F.jpg,78,122
78_s_146_M.jpg,78,146
78_s_194_F.jpg,78,194
78_s_235_F.jpg,78,235
79_s_107_F.jpg,79,107
79_s_119_F.jpg,79,119
79_s_123_M.jpg,79,123
79_s_142_M.jpg,79,142
79_s_149_F.jpg,79,149
79_s_177_F.jpg,79,177
80_s_120_F.jpg,80,120
80_s_123_M.jpg,80,123
80_s_131_F.jpg,80,131
80_s_155_F.jpg,80,155
80_s_174_F.jpg,80,174
80_s_229_F.jpg,80,229
81_s_119_F.jpg,81,119
81_s_120_M.jpg,81,120
81_s_123_F.jpg,81,123
81_s_172_F.jpg,81,172
81_s_215_F.jpg,81,215
81_s_216_F.jpg,81,216
82_s_109_M.jpg,82,109
82_s_120_F.jpg,82,120
82_s_123_M.jpg,82,123
82_s_129_F.jpg,82,129
82_s_158_F.jpg,82,158
82_s_224_F.jpg,82,224
83_s_123_F.jpg,83,123
83_s_164_F.jpg,83,164
83_s_190_F.jpg,83,190
83_s_81_F.jpg,83,81
83_s_87_F.jpg,83,87
84_s_102_F.jpg,84,102
84_s_122_M.jpg,84,122
84_s_124_F.jpg,84,124
84_s_190_F.jpg,84,190
84_s_262_F.jpg,84,262
84_s_98_F.jpg,84,98
85_s_101_F.jpg,85,101
85_s_122_F.jpg,85,122
85_s_125_M.jpg,85,125
85_s_186_F.jpg,85,186
85_s_229_F.jpg,85,229
85_s_81_M.jpg,85,81
86_s_123_F.jpg,86,123
86_s_125_F.jpg,86,125
86_s_152_F.jpg,86,152
86_s_199_F.jpg,86,199
86_s_200_F.jpg,86,200
86_s_99_F.jpg,86,99
87_s_102_F.jpg,87,102
87_s_110_M.jpg,87,110
87_s_123_F.jpg,87,123
87_s_126_M.jpg,87,126
87_s_219_F.jpg,87,219
87_s_99_F.jpg,87,99
88_s_123_F.jpg,88,123
88_s_126_F.jpg,88,126
88_s_170_F.jpg,88,170
88_s_183_F.jpg,88,183
88_s_224_F.jpg,88,224
89_s_123_F.jpg,89,123
89_s_126_F.jpg,89,126
89_s_166_F.jpg,89,166
89_s_176_F.jpg,89,176
89_s_320_F.jpg,89,320
90_s_114_M.jpg,90,114
90_s_124_M.jpg,90,124
90_s_126_F.jpg,90,126
90_s_127_F.jpg,90,127
90_s_131_F.jpg,90,131
90_s_186_F.jpg,90,186
91_s_124_F.jpg,91,124
91_s_126_F.jpg,91,126
91_s_131_F.jpg,91,131
91_s_143_F.jpg,91,143
91_s_240_F.jpg,91,240
92_s_124_F.jpg,92,124
92_s_126_M.jpg,92,126
92_s_147_F.jpg,92,147
92_s_158_F.jpg,92,158
92_s_235_M.jpg,92,235
93_s_125_F.jpg,93,125
93_s_126_M.jpg,93,126
93_s_133_F.jpg,93,133
93_s_138_F.jpg,93,138
93_s_142_F.jpg,93,142
94_s_125_F.jpg,94,125
94_s_127_F.jpg,94,127
94_s_136_M.jpg,94,136
94_s_140_F.jpg,94,140
94_s_144_F.jpg,94,144
94_s_170_F.jpg,94,170
95_s_125_F.jpg,95,125
95_s_127_F.jpg,95,127
95_s_152_F.jpg,95,152
95_s_155_F.jpg,95,155
95_s_177_F.jpg,95,177
95_s_178_F.jpg,95,178
96_s_117_F.jpg,96,117
96_s_125_F.jpg,96,125
96_s_127_M.jpg,96,127
96_s_179_F.jpg,96,179
96_s_213_F.jpg,96,213
97_s_125_F.jpg,97,125
97_s_128_F.jpg,97,128
97_s_133_F.jpg,97,133
97_s_148_F.jpg,97,148
97_s_149_F.jpg,97,149
97_s_224_F.jpg,97,224
98_s_117_F.jpg,98,117
98_s_120_F.jpg,98,120
98_s_125_F.jpg,98,125
98_s_128_F.jpg,98,128
98_s_150_M.jpg,98,150
98_s_204_F.jpg,98,204
99_s_126_M.jpg,99,126
99_s_129_F.jpg,99,129
99_s_142_F.jpg,99,142
99_s_181_F.jpg,99,181
99_s_218_F.jpg,99,218
100_s_109_M.jpg,100,109
100_s_131_F.jpg,100,131
100_s_181_F.jpg,100,181
100_s_207_F.jpg,100,207
101_s_128_F.jpg,101,128
101_s_131_F.jpg,101,131
101_s_131_M.jpg,101,131
101_s_149_F.jpg,101,149
101_s_162_M.jpg,101,162
101_s_168_F.jpg,101,168
102_s_129_F.jpg,102,129
102_s_156_F.jpg,102,156
102_s_168_M.jpg,102,168
102_s_181_F.jpg,102,181
102_s_218_F.jpg,102,218
103_s_110_F.jpg,103,110
103_s_131_F.jpg,103,131
103_s_169_F.jpg,103,169
103_s_233_F.jpg,103,233
104_s_104_F.jpg,104,104
104_s_120_F.jpg,104,120
104_s_131_F.jpg,104,131
104_s_133_F.jpg,104,133
104_s_185_F.jpg,104,185
105_s_106_F.jpg,105,106
105_s_131_F.jpg,105,131
105_s_137_F.jpg,105,137
105_s_140_F.jpg,105,140
105_s_153_F.jpg,105,153
106_s_131_F.jpg,106,131
106_s_143_F.jpg,106,143
106_s_179_F.jpg,106,179
106_s_192_M.jpg,106,192
106_s_251_F.jpg,106,251
107_s_131_F.jpg,107,131
107_s_133_F.jpg,107,133
107_s_180_F.jpg,107,180
107_s_188_M.jpg,107,188
107_s_228_F.jpg,107,228
108_s_131_M.jpg,108,131
108_s_134_M.jpg,108,134
108_s_154_F.jpg,108,154
108_s_156_F.jpg,108,156
108_s_167_F.jpg,108,167
108_s_212_F.jpg,108,212
109_s_106_M.jpg,109,106
109_s_131_M.jpg,109,131
109_s_134_M.jpg,109,134
109_s_167_F.jpg,109,167
109_s_173_M.jpg,109,173
109_s_178_F.jpg,109,178
110_s_109_F.jpg,110,109
110_s_131_F.jpg,110,131
110_s_135_F.jpg,110,135
110_s_154_F.jpg,110,154
110_s_164_F.jpg,110,164
110_s_188_F.jpg,110,188
111_s_104_F.jpg,111,104
111_s_109_F.jpg,111,109
111_s_131_F.jpg,111,131
111_s_135_M.jpg,111,135
111_s_137_F.jpg,111,137
111_s_177_F.jpg,111,177
112_s_133_M.jpg,112,133
112_s_137_M.jpg,112,137
112_s_151_F.jpg,112,151
112_s_176_F.jpg,112,176
113_s_106_M.jpg,113,106
113_s_125_F.jpg,113,125
113_s_132_F.jpg,113,132
113_s_133_F.jpg,113,133
113_s_137_F.jpg,113,137
113_s_147_M.jpg,113,147
114_s_123_M.jpg,114,123
114_s_134_F.jpg,114,134
114_s_137_F.jpg,114,137
114_s_143_F.jpg,114,143
114_s_193_F.jpg,114,193
114_s_199_F.jpg,114,199
115_s_134_F.jpg,115,134
115_s_135_F.jpg,115,135
115_s_137_F.jpg,115,137
115_s_150_F.jpg,115,150
115_s_167_F.jpg,115,167
115_s_273_M.jpg,115,273
116_s_126_F.jpg,116,126
116_s_134_M.jpg,116,134
116_s_137_F.jpg,116,137
116_s_167_F.jpg,116,167
116_s_189_F.jpg,116,189
116_s_278_F.jpg,116,278
117_s_102_M.jpg,117,102
117_s_129_F.jpg,117,129
117_s_134_F.jpg,117,134
117_s_138_F.jpg,117,138
117_s_174_F.jpg,117,174
117_s_87_F.jpg,117,87
118_s_101_M.jpg,118,101
118_s_111_F.jpg,118,111
118_s_122_F.jpg,118,122
118_s_126_F.jpg,118,126
118_s_138_F.jpg,118,138
119_s_114_F.jpg,119,114
119_s_126_F.jpg,119,126
119_s_134_F.jpg,119,134
119_s_138_F.jpg,119,138
119_s_176_F.jpg,119,176
120_s_107_F.jpg,120,107
120_s_140_F.jpg,120,140
120_s_144_M.jpg,120,144
120_s_160_F.jpg,120,160
120_s_94_M.jpg,120,94
121_s_123_F.jpg,121,123
121_s_135_F.jpg,121,135
121_s_140_F.jpg,121,140
121_s_143_M.jpg,121,143
121_s_214_F.jpg,121,214
121_s_88_M.jpg,121,88
122_s_137_F.jpg,122,137
122_s_140_F.jpg,122,140
122_s_177_F.jpg,122,177
122_s_180_F.jpg,122,180
122_s_88_F.jpg,122,88
122_s_90_F.jpg,122,90
123_s_114_F.jpg,123,114
123_s_137_F.jpg,123,137
123_s_140_F.jpg,123,140
123_s_251_F.jpg,123,251
123_s_94_F.jpg,123,94
123_s_97_F.jpg,123,97
124_s_129_F.jpg,124,129
124_s_137_F.jpg,124,137
124_s_140_F.jpg,124,140
124_s_143_F.jpg,124,143
124_s_147_F.jpg,124,147
124_s_167_F.jpg,124,167
125_s_137_M.jpg,125,137
125_s_140_F.jpg,125,140
125_s_147_F.jpg,125,147
125_s_172_F.jpg,125,172
125_s_81_F.jpg,125,81
126_s_117_F.jpg,126,117
126_s_138_F.jpg,126,138
126_s_141_F.jpg,126,141
126_s_146_F.jpg,126,146
126_s_95_M.jpg,126,95
127_s_120_M.jpg,127,120
127_s_138_F.jpg,127,138
127_s_141_M.jpg,127,141
127_s_179_F.jpg,127,179
127_s_72_M.jpg,127,72
128_s_104_F.jpg,128,104
128_s_138_F.jpg,128,138
128_s_141_F.jpg,128,141
128_s_148_F.jpg,128,148
128_s_156_F.jpg,128,156
128_s_162_F.jpg,128,162
129_s_103_M.jpg,129,103
129_s_117_F.jpg,129,117
129_s_136_F.jpg,129,136
129_s_138_M.jpg,129,138
129_s_140_M.jpg,129,140
129_s_141_F.jpg,129,141
130_s_114_M.jpg,130,114
130_s_140_F.jpg,130,140
130_s_140_M.jpg,130,140
130_s_141_F.jpg,130,141
130_s_159_F.jpg,130,159
131_s_123_F.jpg,131,123
131_s_131_M.jpg,131,131
131_s_140_F.jpg,131,140
131_s_141_M.jpg,131,141
131_s_143_F.jpg,131,143
131_s_150_F.jpg,131,150
132_s_140_F.jpg,132,140
132_s_141_F.jpg,132,141
132_s_164_F.jpg,132,164
132_s_176_F.jpg,132,176
132_s_188_F.jpg,132,188
132_s_190_F.jpg,132,190
133_s_140_F.jpg,133,140
133_s_141_F.jpg,133,141
133_s_144_F.jpg,133,144
133_s_164_F.jpg,133,164
133_s_173_F.jpg,133,173
133_s_179_F.jpg,133,179
134_s_109_M.jpg,134,109
134_s_114_M.jpg,134,114
134_s_131_F.jpg,134,131
134_s_140_F.jpg,134,140
134_s_142_F.jpg,134,142
134_s_177_F.jpg,134,177
135_s_114_F.jpg,135,114
135_s_140_F.jpg,135,140
135_s_142_F.jpg,135,142
135_s_160_F.jpg,135,160
135_s_172_M.jpg,135,172
136_s_111_F.jpg,136,111
136_s_140_F.jpg,136,140
136_s_142_F.jpg,136,142
136_s_177_F.jpg,136,177
136_s_181_F.jpg,136,181
136_s_239_F.jpg,136,239
137_s_136_F.jpg,137,136
137_s_140_F.jpg,137,140
137_s_143_F.jpg,137,143
137_s_148_F.jpg,137,148
137_s_156_F.jpg,137,156
137_s_79_F.jpg,137,79
138_s_140_M.jpg,138,140
138_s_143_F.jpg,138,143
138_s_148_F.jpg,138,148
138_s_242_F.jpg,138,242
138_s_85_M.jpg,138,85
139_s_140_M.jpg,139,140
139_s_143_F.jpg,139,143
139_s_152_F.jpg,139,152
139_s_160_F.jpg,139,160
139_s_170_F.jpg,139,170
139_s_224_F.jpg,139,224
140_s_136_F.jpg,140,136
140_s_140_F.jpg,140,140
140_s_143_F.jpg,140,143
140_s_158_F.jpg,140,158
140_s_97_F.jpg,140,97
141_s_140_M.jpg,141,140
141_s_143_M.jpg,141,143
141_s_152_F.jpg,141,152
141_s_170_F.jpg,141,170
141_s_231_F.jpg,141,231
141_s_96_F.jpg,141,96
142_s_120_F.jpg,142,120
142_s_122_F.jpg,142,122
142_s_141_F.jpg,142,141
142_s_143_F.jpg,142,143
142_s_152_F.jpg,142,152
142_s_202_F.jpg,142,202
143_s_141_F.jpg,143,141
143_s_143_F.jpg,143,143
143_s_152_F.jpg,143,152
143_s_177_F.jpg,143,177
143_s_79_M.jpg,143,79
143_s_83_F.jpg,143,83
144_s_142_F.jpg,144,142
144_s_143_M.jpg,144,143
144_s_176_F.jpg,144,176
144_s_181_F.jpg,144,181
144_s_184_F.jpg,144,184
144_s_81_M.jpg,144,81
145_s_142_F.jpg,145,142
145_s_143_F.jpg,145,143
145_s_158_F.jpg,145,158
145_s_177_F.jpg,145,177
145_s_180_M.jpg,145,180
145_s_234_F.jpg,145,234
146_s_142_F.jpg,146,142
146_s_143_F.jpg,146,143
146_s_161_F.jpg,146,161
146_s_190_F.jpg,146,190
146_s_74_F.jpg,146,74
146_s_85_F.jpg,146,85
147_s_120_F.jpg,147,120
147_s_143_F.jpg,147,143
147_s_177_F.jpg,147,177
147_s_82_F.jpg,147,82
147_s_90_F.jpg,147,90
148_s_107_F.jpg,148,107
148_s_114_M.jpg,148,114
148_s_143_F.jpg,148,143
148_s_148_F.jpg,148,148
148_s_187_F.jpg,148,187
149_s_109_F.jpg,149,109
149_s_131_F.jpg,149,131
149_s_143_F.jpg,149,143
149_s_194_F.jpg,149,194
149_s_226_F.jpg,149,226
150_s_135_F.jpg,150,135
150_s_138_F.jpg,150,138
150_s_143_M.jpg,150,143
150_s_91_M.jpg,150,91
150_s_94_F.jpg,150,94
151_s_104_M.jpg,151,104
151_s_136_F.jpg,151,136
151_s_143_F.jpg,151,143
151_s_146_F.jpg,151,146
151_s_157_F.jpg,151,157
152_s_106_F.jpg,152,106
152_s_114_F.jpg,152,114
152_s_134_F.jpg,152,134
152_s_143_F.jpg,152,143
152_s_143_M.jpg,152,143
153_s_109_F.jpg,153,109
153_s_117_F.jpg,153,117
153_s_143_F.jpg,153,143
153_s_85_F.jpg,153,85
153_s_92_M.jpg,153,92
154_s_143_F.jpg,154,143
154_s_192_F.jpg,154,192
154_s_203_F.jpg,154,203
154_s_90_M.jpg,154,90
155_s_132_F.jpg,155,132
155_s_143_F.jpg,155,143
155_s_146_F.jpg,155,146
155_s_172_F.jpg,155,172
155_s_184_F.jpg,155,184
156_s_109_M.jpg,156,109
156_s_115_M.jpg,156,115
156_s_143_M.jpg,156,143
156_s_144_F.jpg,156,144
156_s_168_F.jpg,156,168
156_s_89_M.jpg,156,89
157_s_117_M.jpg,157,117
157_s_125_M.jpg,157,125
157_s_143_F.jpg,157,143
157_s_144_F.jpg,157,144
157_s_169_F.jpg,157,169
157_s_194_F.jpg,157,194
158_s_131_M.jpg,158,131
158_s_140_F.jpg,158,140
158_s_143_F.jpg,158,143
158_s_144_F.jpg,158,144
158_s_200_F.jpg,158,200
159_s_109_M.jpg,159,109
159_s_143_F.jpg,159,143
159_s_146_F.jpg,159,146
159_s_156_F.jpg,159,156
159_s_160_M.jpg,159,160
160_s_101_M.jpg,160,101
160_s_103_F.jpg,160,103
160_s_107_F.jpg,160,107
160_s_143_F.jpg,160,143
160_s_146_F.jpg,160,146
160_s_192_F.jpg,160,192
161_s_143_F.jpg,161,143
161_s_146_F.jpg,161,146
161_s_149_F.jpg,161,149
161_s_155_F.jpg,161,155
161_s_176_F.jpg,161,176
161_s_190_F.jpg,161,190
162_s_144_F.jpg,162,144
162_s_146_M.jpg,162,146
162_s_148_F.jpg,162,148
162_s_207_F.jpg,162,207
162_s_212_M.jpg,162,212
163_s_112_F.jpg,163,112
163_s_119_M.jpg,163,119
163_s_144_F.jpg,163,144
163_s_147_F.jpg,163,147
163_s_188_F.jpg,163,188
164_s_146_F.jpg,164,146
164_s_147_M.jpg,164,147
164_s_162_F.jpg,164,162
164_s_163_F.jpg,164,163
164_s_168_F.jpg,164,168
164_s_181_F.jpg,164,181
165_s_129_F.jpg,165,129
165_s_146_F.jpg,165,146
165_s_147_F.jpg,165,147
165_s_163_F.jpg,165,163
165_s_179_F.jpg,165,179
165_s_183_F.jpg,165,183
166_s_126_F.jpg,166,126
166_s_140_F.jpg,166,140
166_s_144_F.jpg,166,144
166_s_146_F.jpg,166,146
166_s_147_F.jpg,166,147
166_s_177_F.jpg,166,177
167_s_133_F.jpg,167,133
167_s_136_M.jpg,167,136
167_s_137_F.jpg,167,137
167_s_147_F.jpg,167,147
167_s_147_M.jpg,167,147
167_s_214_M.jpg,167,214
168_s_141_F.jpg,168,141
168_s_147_F.jpg,168,147
168_s_147_M.jpg,168,147
168_s_172_F.jpg,168,172
168_s_177_F.jpg,168,177
168_s_275_M.jpg,168,275
169_s_137_F.jpg,169,137
169_s_147_F.jpg,169,147
169_s_163_F.jpg,169,163
169_s_202_M.jpg,169,202
169_s_90_F.jpg,169,90
170_s_147_F.jpg,170,147
170_s_150_F.jpg,170,150
170_s_181_F.jpg,170,181
170_s_200_F.jpg,170,200
170_s_218_F.jpg,170,218
171_s_147_F.jpg,171,147
171_s_164_F.jpg,171,164
171_s_174_F.jpg,171,174
171_s_213_F.jpg,171,213
172_s_147_F.jpg,172,147
172_s_147_M.jpg,172,147
172_s_170_M.jpg,172,170
172_s_172_F.jpg,172,172
172_s_224_F.jpg,172,224
173_s_109_M.jpg,173,109
173_s_147_F.jpg,173,147
173_s_164_F.jpg,173,164
173_s_218_F.jpg,173,218
173_s_229_F.jpg,173,229
174_s_134_M.jpg,174,134
174_s_147_F.jpg,174,147
174_s_156_M.jpg,174,156
174_s_160_F.jpg,174,160
174_s_172_F.jpg,174,172
175_s_104_M.jpg,175,104
175_s_147_F.jpg,175,147
175_s_170_F.jpg,175,170
175_s_195_F.jpg,175,195
176_s_147_F.jpg,176,147
176_s_147_M.jpg,176,147
176_s_149_F.jpg,176,149
176_s_190_F.jpg,176,190
176_s_239_F.jpg,176,239
177_s_147_F.jpg,177,147
177_s_148_F.jpg,177,148
177_s_176_F.jpg,177,176
177_s_190_F.jpg,177,190
177_s_214_F.jpg,177,214
178_s_109_F.jpg,178,109
178_s_140_F.jpg,178,140
178_s_147_F.jpg,178,147
178_s_153_F.jpg,178,153
179_s_117_M.jpg,179,117
179_s_140_F.jpg,179,140
179_s_147_F.jpg,179,147
179_s_147_M.jpg,179,147
179_s_195_F.jpg,179,195
180_s_106_F.jpg,180,106
180_s_143_F.jpg,180,143
180_s_147_F.jpg,180,147
180_s_196_F.jpg,180,196
180_s_268_F.jpg,180,268
181_s_135_F.jpg,181,135
181_s_147_F.jpg,181,147
181_s_194_F.jpg,181,194
181_s_199_F.jpg,181,199
181_s_227_F.jpg,181,227
182_s_123_F.jpg,182,123
182_s_141_F.jpg,182,141
182_s_147_F.jpg,182,147
182_s_154_F.jpg,182,154
182_s_253_F.jpg,182,253
183_s_129_F.jpg,183,129
183_s_146_F.jpg,183,146
183_s_147_F.jpg,183,147
183_s_90_F.jpg,183,90
184_s_117_M.jpg,184,117
184_s_147_F.jpg,184,147
184_s_168_F.jpg,184,168
184_s_211_F.jpg,184,211
184_s_96_M.jpg,184,96
185_s_128_F.jpg,185,128
185_s_146_F.jpg,185,146
185_s_147_F.jpg,185,147
185_s_180_F.jpg,185,180
185_s_195_F.jpg,185,195
186_s_120_F.jpg,186,120
186_s_147_F.jpg,186,147
186_s_148_F.jpg,186,148
186_s_177_F.jpg,186,177
186_s_194_F.jpg,186,194
187_s_109_F.jpg,187,109
187_s_131_F.jpg,187,131
187_s_140_F.jpg,187,140
187_s_147_F.jpg,187,147
187_s_148_F.jpg,187,148
187_s_172_F.jpg,187,172
188_s_147_M.jpg,188,147
188_s_148_F.jpg,188,148
188_s_172_F.jpg,188,172
188_s_181_F.jpg,188,181
188_s_229_F.jpg,188,229
188_s_90_F.jpg,188,90
189_s_109_F.jpg,189,109
189_s_114_F.jpg,189,114
189_s_136_M.jpg,189,136
189_s_147_F.jpg,189,147
189_s_148_F.jpg,189,148
190_s_102_F.jpg,190,102
190_s_147_M.jpg,190,147
190_s_148_M.jpg,190,148
190_s_152_F.jpg,190,152
190_s_177_F.jpg,190,177
190_s_229_F.jpg,190,229
191_s_120_F.jpg,191,120
191_s_133_F.jpg,191,133
191_s_144_F.jpg,191,144
191_s_147_F.jpg,191,147
191_s_148_F.jpg,191,148
191_s_67_M.jpg,191,67
192_s_122_F.jpg,192,122
192_s_129_F.jpg,192,129
192_s_147_F.jpg,192,147
192_s_148_F.jpg,192,148
192_s_71_F.jpg,192,71
193_s_131_F.jpg,193,131
193_s_147_F.jpg,193,147
193_s_148_M.jpg,193,148
193_s_172_F.jpg,193,172
193_s_197_F.jpg,193,197
194_s_147_F.jpg,194,147
194_s_149_M.jpg,194,149
194_s_152_F.jpg,194,152
194_s_166_F.jpg,194,166
194_s_67_F.jpg,194,67
195_s_119_F.jpg,195,119
195_s_125_M.jpg,195,125
195_s_134_F.jpg,195,134
195_s_147_F.jpg,195,147
195_s_149_F.jpg,195,149
195_s_248_F.jpg,195,248
196_s_148_F.jpg,196,148
196_s_149_F.jpg,196,149
196_s_204_F.jpg,196,204
196_s_65_F.jpg,196,65
197_s_149_F.jpg,197,149
197_s_149_M.jpg,197,149
197_s_168_F.jpg,197,168
197_s_176_F.jpg,197,176
197_s_214_F.jpg,197,214
197_s_87_F.jpg,197,87
198_s_122_M.jpg,198,122
198_s_137_F.jpg,198,137
198_s_149_F.jpg,198,149
198_s_168_F.jpg,198,168
198_s_92_M.jpg,198,92
199_s_119_M.jpg,199,119
199_s_149_F.jpg,199,149
199_s_164_F.jpg,199,164
199_s_200_F.jpg,199,200
199_s_303_M.jpg,199,303
200_s_117_F.jpg,200,117
200_s_149_F.jpg,200,149
200_s_164_F.jpg,200,164
200_s_181_F.jpg,200,181
200_s_99_F.jpg,200,99
201_s_140_F.jpg,201,140
201_s_149_F.jpg,201,149
201_s_150_F.jpg,201,150
201_s_162_M.jpg,201,162
201_s_164_F.jpg,201,164
201_s_177_F.jpg,201,177
202_s_117_M.jpg,202,117
202_s_120_M.jpg,202,120
202_s_149_F.jpg,202,149
202_s_150_F.jpg,202,150
202_s_200_F.jpg,202,200
202_s_224_F.jpg,202,224
203_s_148_F.jpg,203,148
203_s_151_M.jpg,203,151
203_s_159_F.jpg,203,159
203_s_200_F.jpg,203,200
203_s_204_M.jpg,203,204
204_s_120_M.jpg,204,120
204_s_150_F.jpg,204,150
204_s_152_F.jpg,204,152
204_s_160_F.jpg,204,160
204_s_164_F.jpg,204,164
204_s_217_M.jpg,204,217
205_s_103_F.jpg,205,103
205_s_150_M.jpg,205,150
205_s_152_F.jpg,205,152
205_s_186_F.jpg,205,186
205_s_217_M.jpg,205,217
205_s_99_M.jpg,205,99
206_s_148_F.jpg,206,148
206_s_150_F.jpg,206,150
206_s_152_M.jpg,206,152
206_s_166_F.jpg,206,166
206_s_190_F.jpg,206,190
206_s_197_M.jpg,206,197
207_s_150_F.jpg,207,150
207_s_152_F.jpg,207,152
207_s_154_F.jpg,207,154
207_s_159_F.jpg,207,159
207_s_204_M.jpg,207,204
207_s_78_F.jpg,207,78
208_s_140_M.jpg,208,140
208_s_150_F.jpg,208,150
208_s_152_M.jpg,208,152
208_s_176_M.jpg,208,176
208_s_218_F.jpg,208,218
208_s_97_F.jpg,208,97
209_s_149_M.jpg,209,149
209_s_150_F.jpg,209,150
209_s_152_F.jpg,209,152
209_s_157_F.jpg,209,157
209_s_164_F.jpg,209,164
209_s_172_F.jpg,209,172
210_s_152_F.jpg,210,152
210_s_327_F.jpg,210,327
211_s_102_M.jpg,211,102
211_s_137_M.jpg,211,137
211_s_152_F.jpg,211,152
211_s_168_F.jpg,211,168
211_s_307_F.jpg,211,307
212_s_123_F.jpg,212,123
212_s_140_F.jpg,212,140
212_s_152_F.jpg,212,152
212_s_153_F.jpg,212,153
212_s_207_F.jpg,212,207
212_s_297_F.jpg,212,297
213_s_140_M.jpg,213,140
213_s_141_F.jpg,213,141
213_s_153_F.jpg,213,153
213_s_170_F.jpg,213,170
213_s_314_F.jpg,213,314
214_s_140_F.jpg,214,140
214_s_142_M.jpg,214,142
214_s_153_F.jpg,214,153
214_s_172_F.jpg,214,172
214_s_92_M.jpg,214,92
215_s_107_F.jpg,215,107
215_s_153_F.jpg,215,153
215_s_155_F.jpg,215,155
215_s_182_F.jpg,215,182
215_s_202_F.jpg,215,202
216_s_153_F.jpg,216,153
216_s_163_F.jpg,216,163
216_s_204_F.jpg,216,204
216_s_81_F.jpg,216,81
217_s_107_F.jpg,217,107
217_s_141_F.jpg,217,141
217_s_153_F.jpg,217,153
217_s_153_M.jpg,217,153
217_s_168_F.jpg,217,168
217_s_202_M.jpg,217,202
218_s_149_M.jpg,218,149
218_s_153_F.jpg,218,153
218_s_163_F.jpg,218,163
218_s_188_F.jpg,218,188
218_s_259_F.jpg,218,259
219_s_135_F.jpg,219,135
219_s_153_M.jpg,219,153
219_s_154_F.jpg,219,154
219_s_159_F.jpg,219,159
219_s_192_F.jpg,219,192
219_s_204_F.jpg,219,204
220_s_142_M.jpg,220,142
220_s_148_M.jpg,220,148
220_s_149_F.jpg,220,149
220_s_153_F.jpg,220,153
220_s_155_F.jpg,220,155
220_s_222_F.jpg,220,222
221_s_114_M.jpg,221,114
221_s_153_M.jpg,221,153
221_s_155_F.jpg,221,155
221_s_158_M.jpg,221,158
221_s_237_F.jpg,221,237
221_s_295_F.jpg,221,295
222_s_117_M.jpg,222,117
222_s_153_M.jpg,222,153
222_s_155_F.jpg,222,155
222_s_159_F.jpg,222,159
222_s_220_F.jpg,222,220
223_s_154_F.jpg,223,154
223_s_155_F.jpg,223,155
223_s_180_F.jpg,223,180
223_s_202_F.jpg,223,202
223_s_273_F.jpg,223,273
223_s_87_F.jpg,223,87
224_s_122_F.jpg,224,122
224_s_154_F.jpg,224,154
224_s_155_F.jpg,224,155
224_s_229_F.jpg,224,229
224_s_282_F.jpg,224,282
225_s_101_M.jpg,225,101
225_s_117_M.jpg,225,117
225_s_154_F.jpg,225,154
225_s_155_F.jpg,225,155
225_s_253_F.jpg,225,253
226_s_114_M.jpg,226,114
226_s_146_F.jpg,226,146
226_s_149_F.jpg,226,149
226_s_154_F.jpg,226,154
226_s_155_F.jpg,226,155
227_s_120_M.jpg,227,120
227_s_135_F.jpg,227,135
227_s_155_F.jpg,227,155
227_s_273_F.jpg,227,273
227_s_96_M.jpg,227,96
228_s_146_F.jpg,228,146
228_s_155_F.jpg,228,155
228_s_156_F.jpg,228,156
228_s_163_F.jpg,228,163
228_s_181_F.jpg,228,181
229_s_155_F.jpg,229,155
229_s_156_F.jpg,229,156
229_s_164_F.jpg,229,164
229_s_176_F.jpg,229,176
229_s_297_F.jpg,229,297
229_s_85_F.jpg,229,85
230_s_117_F.jpg,230,117
230_s_152_M.jpg,230,152
230_s_155_M.jpg,230,155
230_s_156_F.jpg,230,156
230_s_160_F.jpg,230,160
230_s_82_F.jpg,230,82
231_s_124_F.jpg,231,124
231_s_155_F.jpg,231,155
231_s_156_F.jpg,231,156
231_s_170_F.jpg,231,170
231_s_177_F.jpg,231,177
232_s_117_F.jpg,232,117
232_s_144_M.jpg,232,144
232_s_146_F.jpg,232,146
232_s_156_F.jpg,232,156
232_s_259_F.jpg,232,259
233_s_134_F.jpg,233,134
233_s_152_F.jpg,233,152
233_s_156_F.jpg,233,156
233_s_170_F.jpg,233,170
233_s_99_M.jpg,233,99
234_s_137_F.jpg,234,137
234_s_146_M.jpg,234,146
234_s_156_F.jpg,234,156
234_s_177_F.jpg,234,177
234_s_206_F.jpg,234,206
235_s_119_M.jpg,235,119
235_s_156_F.jpg,235,156
235_s_217_M.jpg,235,217
235_s_92_M.jpg,235,92
236_s_104_F.jpg,236,104
236_s_156_F.jpg,236,156
236_s_158_F.jpg,236,158
236_s_160_F.jpg,236,160
236_s_269_M.jpg,236,269
237_s_146_F.jpg,237,146
237_s_156_F.jpg,237,156
237_s_159_F.jpg,237,159
237_s_172_F.jpg,237,172
237_s_224_F.jpg,237,224
237_s_89_M.jpg,237,89
238_s_111_M.jpg,238,111
238_s_136_F.jpg,238,136
238_s_156_F.jpg,238,156
238_s_159_F.jpg,238,159
238_s_170_F.jpg,238,170
238_s_197_F.jpg,238,197
239_s_122_F.jpg,239,122
239_s_157_F.jpg,239,157
239_s_158_F.jpg,239,158
239_s_159_M.jpg,239,159
239_s_173_F.jpg,239,173
239_s_258_F.jpg,239,258
240_s_134_M.jpg,240,134
240_s_152_F.jpg,240,152
240_s_157_M.jpg,240,157
240_s_159_M.jpg,240,159
240_s_160_F.jpg,240,160
241_s_115_M.jpg,241,115
241_s_155_F.jpg,241,155
241_s_157_F.jpg,241,157
241_s_159_F.jpg,241,159
241_s_168_F.jpg,241,168
241_s_190_F.jpg,241,190
242_s_158_F.jpg,242,158
242_s_159_F.jpg,242,159
242_s_168_F.jpg,242,168
242_s_219_F.jpg,242,219
242_s_231_F.jpg,242,231
242_s_83_F.jpg,242,83
243_s_131_F.jpg,243,131
243_s_159_F.jpg,243,159
243_s_163_F.jpg,243,163
243_s_179_F.jpg,243,179
243_s_92_F.jpg,243,92
244_s_102_F.jpg,244,102
244_s_141_F.jpg,244,141
244_s_159_F.jpg,244,159
244_s_181_F.jpg,244,181
244_s_188_F.jpg,244,188
245_s_136_F.jpg,245,136
245_s_159_F.jpg,245,159
245_s_159_M.jpg,245,159
245_s_203_F.jpg,245,203
245_s_79_M.jpg,245,79
245_s_94_F.jpg,245,94
246_s_156_F.jpg,246,156
246_s_159_F.jpg,246,159
246_s_160_F.jpg,246,160
246_s_224_F.jpg,246,224
246_s_92_F.jpg,246,92
246_s_94_F.jpg,246,94
247_s_109_F.jpg,247,109
247_s_135_F.jpg,247,135
247_s_143_F.jpg,247,143
247_s_159_F.jpg,247,159
247_s_160_F.jpg,247,160
247_s_214_F.jpg,247,214
248_s_131_F.jpg,248,131
248_s_159_F.jpg,248,159
248_s_162_F.jpg,248,162
248_s_200_F.jpg,248,200
248_s_82_M.jpg,248,82
249_s_128_F.jpg,249,128
249_s_131_F.jpg,249,131
249_s_143_F.jpg,249,143
249_s_159_F.jpg,249,159
249_s_163_F.jpg,249,163
249_s_167_F.jpg,249,167
250_s_138_F.jpg,250,138
250_s_159_M.jpg,250,159
250_s_163_F.jpg,250,163
250_s_181_F.jpg,250,181
250_s_228_F.jpg,250,228
250_s_92_F.jpg,250,92
251_s_112_F.jpg,251,112
251_s_115_F.jpg,251,115
251_s_140_F.jpg,251,140
251_s_159_F.jpg,251,159
251_s_163_M.jpg,251,163
251_s_67_F.jpg,251,67
252_s_159_M.jpg,252,159
252_s_163_F.jpg,252,163
252_s_214_M.jpg,252,214
252_s_262_F.jpg,252,262
253_s_147_F.jpg,253,147
253_s_160_F.jpg,253,160
253_s_163_F.jpg,253,163
253_s_168_M.jpg,253,168
253_s_67_F.jpg,253,67
254_s_106_F.jpg,254,106
254_s_114_F.jpg,254,114
254_s_160_F.jpg,254,160
254_s_166_F.jpg,254,166
254_s_88_F.jpg,254,88
254_s_94_M.jpg,254,94
255_s_154_F.jpg,255,154
255_s_160_F.jpg,255,160
255_s_164_F.jpg,255,164
255_s_166_F.jpg,255,166
255_s_172_F.jpg,255,172
256_s_114_F.jpg,256,114
256_s_142_F.jpg,256,142
256_s_149_F.jpg,256,149
256_s_167_F.jpg,256,167
257_s_128_F.jpg,257,128
257_s_149_F.jpg,257,149
257_s_167_F.jpg,257,167
257_s_88_F.jpg,257,88
258_s_158_F.jpg,258,158
258_s_162_F.jpg,258,162
258_s_167_F.jpg,258,167
258_s_168_F.jpg,258,168
258_s_181_F.jpg,258,181
259_s_142_F.jpg,259,142
259_s_146_M.jpg,259,146
259_s_162_F.jpg,259,162
259_s_167_F.jpg,259,167
259_s_87_F.jpg,259,87
260_s_127_F.jpg,260,127
260_s_148_F.jpg,260,148
260_s_162_F.jpg,260,162
260_s_167_F.jpg,260,167
260_s_73_F.jpg,260,73
261_s_131_F.jpg,261,131
261_s_148_F.jpg,261,148
261_s_163_M.jpg,261,163
261_s_167_F.jpg,261,167
261_s_179_F.jpg,261,179
262_s_146_F.jpg,262,146
262_s_163_F.jpg,262,163
262_s_167_M.jpg,262,167
262_s_204_F.jpg,262,204
262_s_99_F.jpg,262,99
263_s_109_F.jpg,263,109
263_s_153_F.jpg,263,153
263_s_163_F.jpg,263,163
263_s_168_M.jpg,263,168
263_s_91_F.jpg,263,91
264_s_163_F.jpg,264,163
264_s_197_F.jpg,264,197
264_s_226_F.jpg,264,226
264_s_90_F.jpg,264,90
265_s_152_F.jpg,265,152
265_s_159_F.jpg,265,159
265_s_163_F.jpg,265,163
265_s_177_F.jpg,265,177
266_s_128_F.jpg,266,128
266_s_133_F.jpg,266,133
266_s_163_M.jpg,266,163
266_s_169_F.jpg,266,169
266_s_81_F.jpg,266,81
267_s_162_F.jpg,267,162
267_s_163_F.jpg,267,163
267_s_169_F.jpg,267,169
267_s_200_F.jpg,267,200
267_s_99_F.jpg,267,99
268_s_155_F.jpg,268,155
268_s_164_F.jpg,268,164
268_s_172_F.jpg,268,172
268_s_87_F.jpg,268,87
268_s_96_M.jpg,268,96
269_s_164_F.jpg,269,164
269_s_172_M.jpg,269,172
269_s_224_M.jpg,269,224
269_s_78_M.jpg,269,78
269_s_87_F.jpg,269,87
270_s_123_M.jpg,270,123
270_s_164_F.jpg,270,164
270_s_172_F.jpg,270,172
270_s_204_M.jpg,270,204
270_s_91_F.jpg,270,91
271_s_153_F.jpg,271,153
271_s_164_F.jpg,271,164
271_s_174_F.jpg,271,174
271_s_197_M.jpg,271,197
271_s_209_F.jpg,271,209
272_s_134_M.jpg,272,134
272_s_164_F.jpg,272,164
272_s_174_F.jpg,272,174
272_s_229_F.jpg,272,229
273_s_140_F.jpg,273,140
273_s_164_M.jpg,273,164
273_s_176_F.jpg,273,176
273_s_185_F.jpg,273,185
273_s_218_F.jpg,273,218
274_s_119_F.jpg,274,119
274_s_164_F.jpg,274,164
274_s_176_M.jpg,274,176
274_s_209_F.jpg,274,209
274_s_262_F.jpg,274,262
275_s_153_F.jpg,275,153
275_s_164_F.jpg,275,164
275_s_176_F.jpg,275,176
275_s_190_F.jpg,275,190
275_s_204_F.jpg,275,204
276_s_133_F.jpg,276,133
276_s_164_F.jpg,276,164
276_s_172_F.jpg,276,172
276_s_176_F.jpg,276,176
276_s_185_F.jpg,276,185
277_s_127_F.jpg,277,127
277_s_143_F.jpg,277,143
277_s_166_F.jpg,277,166
277_s_177_F.jpg,277,177
277_s_185_F.jpg,277,185
278_s_125_F.jpg,278,125
278_s_143_M.jpg,278,143
278_s_166_M.jpg,278,166
278_s_177_F.jpg,278,177
278_s_218_F.jpg,278,218
279_s_124_F.jpg,279,124
279_s_140_F.jpg,279,140
279_s_156_M.jpg,279,156
279_s_166_F.jpg,279,166
279_s_177_F.jpg,279,177
280_s_126_F.jpg,280,126
280_s_152_F.jpg,280,152
280_s_166_F.jpg,280,166
280_s_179_F.jpg,280,179
280_s_99_F.jpg,280,99
281_s_160_M.jpg,281,160
281_s_179_F.jpg,281,179
281_s_85_M.jpg,281,85
282_s_133_M.jpg,282,133
282_s_156_F.jpg,282,156
282_s_166_F.jpg,282,166
282_s_179_F.jpg,282,179
282_s_224_F.jpg,282,224
283_s_125_M.jpg,283,125
283_s_160_F.jpg,283,160
283_s_166_M.jpg,283,166
283_s_180_F.jpg,283,180
283_s_239_F.jpg,283,239
284_s_122_F.jpg,284,122
284_s_136_M.jpg,284,136
284_s_166_F.jpg,284,166
284_s_177_F.jpg,284,177
284_s_180_F.jpg,284,180
285_s_131_F.jpg,285,131
285_s_160_F.jpg,285,160
285_s_167_F.jpg,285,167
285_s_174_F.jpg,285,174
285_s_180_F.jpg,285,180
286_s_129_M.jpg,286,129
286_s_166_F.jpg,286,166
286_s_167_F.jpg,286,167
286_s_180_F.jpg,286,180
287_s_146_F.jpg,287,146
287_s_167_F.jpg,287,167
287_s_180_F.jpg,287,180
287_s_187_F.jpg,287,187
287_s_90_F.jpg,287,90
288_s_124_M.jpg,288,124
288_s_148_F.jpg,288,148
288_s_168_F.jpg,288,168
288_s_181_F.jpg,288,181
288_s_224_F.jpg,288,224
289_s_109_F.jpg,289,109
289_s_168_F.jpg,289,168
289_s_181_F.jpg,289,181
289_s_237_F.jpg,289,237
290_s_140_F.jpg,290,140
290_s_169_F.jpg,290,169
290_s_183_F.jpg,290,183
290_s_78_F.jpg,290,78
290_s_99_F.jpg,290,99
291_s_125_F.jpg,291,125
291_s_126_F.jpg,291,126
291_s_169_M.jpg,291,169
291_s_179_F.jpg,291,179
291_s_183_F.jpg,291,183
292_s_149_F.jpg,292,149
292_s_180_F.jpg,292,180
292_s_184_F.jpg,292,184
292_s_83_F.jpg,292,83
293_s_147_F.jpg,293,147
293_s_169_F.jpg,293,169
293_s_186_F.jpg,293,186
293_s_187_F.jpg,293,187
293_s_76_M.jpg,293,76
294_s_114_F.jpg,294,114
294_s_147_F.jpg,294,147
294_s_169_F.jpg,294,169
294_s_187_F.jpg,294,187
295_s_134_F.jpg,295,134
295_s_159_F.jpg,295,159
295_s_169_F.jpg,295,169
295_s_187_F.jpg,295,187
295_s_267_F.jpg,295,267
295_s_87_F.jpg,295,87
296_s_102_F.jpg,296,102
296_s_104_F.jpg,296,104
296_s_140_F.jpg,296,140
296_s_164_F.jpg,296,164
296_s_170_M.jpg,296,170
296_s_187_F.jpg,296,187
297_s_152_F.jpg,297,152
297_s_160_F.jpg,297,160
297_s_170_F.jpg,297,170
297_s_180_F.jpg,297,180
297_s_187_F.jpg,297,187
297_s_99_F.jpg,297,99
298_s_101_M.jpg,298,101
298_s_102_F.jpg,298,102
298_s_170_F.jpg,298,170
298_s_181_F.jpg,298,181
298_s_188_F.jpg,298,188
298_s_81_F.jpg,298,81
299_s_111_F.jpg,299,111
299_s_129_M.jpg,299,129
299_s_170_F.jpg,299,170
299_s_177_M.jpg,299,177
299_s_188_F.jpg,299,188
299_s_405_F.jpg,299,405
300_s_102_F.jpg,300,102
300_s_104_M.jpg,300,104
300_s_133_F.jpg,300,133
300_s_162_F.jpg,300,162
300_s_170_F.jpg,300,170
301_s_109_M.jpg,301,109
301_s_164_M.jpg,301,164
301_s_172_M.jpg,301,172
301_s_188_F.jpg,301,188
301_s_90_F.jpg,301,90
301_s_99_F.jpg,301,99
302_s_111_F.jpg,302,111
302_s_164_F.jpg,302,164
302_s_172_F.jpg,302,172
302_s_188_F.jpg,302,188
302_s_77_F.jpg,302,77
303_s_103_M.jpg,303,103
303_s_114_F.jpg,303,114
303_s_172_F.jpg,303,172
303_s_188_F.jpg,303,188
303_s_274_F.jpg,303,274
303_s_77_M.jpg,303,77
304_s_117_F.jpg,304,117
304_s_135_F.jpg,304,135
304_s_143_F.jpg,304,143
304_s_172_F.jpg,304,172
304_s_192_F.jpg,304,192
304_s_231_F.jpg,304,231
305_s_125_M.jpg,305,125
305_s_150_F.jpg,305,150
305_s_172_F.jpg,305,172
305_s_192_F.jpg,305,192
305_s_224_F.jpg,305,224
305_s_267_F.jpg,305,267
306_s_110_F.jpg,306,110
306_s_140_F.jpg,306,140
306_s_172_F.jpg,306,172
306_s_192_F.jpg,306,192
306_s_204_F.jpg,306,204
307_s_172_F.jpg,307,172
307_s_192_F.jpg,307,192
307_s_96_F.jpg,307,96
307_s_99_F.jpg,307,99
308_s_104_F.jpg,308,104
308_s_123_F.jpg,308,123
308_s_172_F.jpg,308,172
308_s_192_F.jpg,308,192
308_s_239_M.jpg,308,239
309_s_158_M.jpg,309,158
309_s_172_F.jpg,309,172
309_s_177_F.jpg,309,177
309_s_192_F.jpg,309,192
309_s_194_F.jpg,309,194
309_s_262_F.jpg,309,262
310_s_143_F.jpg,310,143
310_s_172_F.jpg,310,172
310_s_186_F.jpg,310,186
310_s_196_F.jpg,310,196
310_s_453_F.jpg,310,453
311_s_117_M.jpg,311,117
311_s_172_F.jpg,311,172
311_s_197_F.jpg,311,197
311_s_220_F.jpg,311,220
312_s_166_M.jpg,312,166
312_s_172_F.jpg,312,172
312_s_188_F.jpg,312,188
312_s_199_F.jpg,312,199
312_s_228_F.jpg,312,228
312_s_99_F.jpg,312,99
313_s_159_F.jpg,313,159
313_s_172_F.jpg,313,172
313_s_180_M.jpg,313,180
313_s_193_F.jpg,313,193
313_s_199_F.jpg,313,199
313_s_250_F.jpg,313,250
314_s_134_F.jpg,314,134
314_s_160_F.jpg,314,160
314_s_172_F.jpg,314,172
314_s_199_F.jpg,314,199
314_s_265_M.jpg,314,265
314_s_325_F.jpg,314,325
315_s_147_M.jpg,315,147
315_s_152_F.jpg,315,152
315_s_159_F.jpg,315,159
315_s_172_F.jpg,315,172
315_s_202_F.jpg,315,202
316_s_163_F.jpg,316,163
316_s_168_F.jpg,316,168
316_s_172_F.jpg,316,172
316_s_202_F.jpg,316,202
317_s_143_F.jpg,317,143
317_s_146_F.jpg,317,146
317_s_173_F.jpg,317,173
317_s_202_F.jpg,317,202
317_s_209_F.jpg,317,209
317_s_323_M.jpg,317,323
318_s_149_F.jpg,318,149
318_s_159_F.jpg,318,159
318_s_162_F.jpg,318,162
318_s_174_F.jpg,318,174
318_s_202_F.jpg,318,202
318_s_209_M.jpg,318,209
319_s_109_M.jpg,319,109
319_s_120_F.jpg,319,120
319_s_149_F.jpg,319,149
319_s_174_F.jpg,319,174
319_s_202_F.jpg,319,202
319_s_224_M.jpg,319,224
320_s_131_F.jpg,320,131
320_s_174_F.jpg,320,174
320_s_177_F.jpg,320,177
320_s_186_F.jpg,320,186
320_s_192_M.jpg,320,192
320_s_202_F.jpg,320,202
321_s_123_F.jpg,321,123
321_s_164_F.jpg,321,164
321_s_174_F.jpg,321,174
321_s_183_F.jpg,321,183
321_s_202_F.jpg,321,202
321_s_209_F.jpg,321,209
322_s_142_M.jpg,322,142
322_s_143_F.jpg,322,143
322_s_172_F.jpg,322,172
322_s_176_F.jpg,322,176
322_s_176_M.jpg,322,176
322_s_203_M.jpg,322,203
323_s_102_F.jpg,323,102
323_s_111_F.jpg,323,111
323_s_155_M.jpg,323,155
323_s_176_F.jpg,323,176
323_s_181_F.jpg,323,181
323_s_203_F.jpg,323,203
324_s_120_F.jpg,324,120
324_s_140_F.jpg,324,140
324_s_152_M.jpg,324,152
324_s_168_F.jpg,324,168
324_s_176_M.jpg,324,176
324_s_203_F.jpg,324,203
325_s_114_F.jpg,325,114
325_s_176_F.jpg,325,176
325_s_203_F.jpg,325,203
325_s_204_F.jpg,325,204
325_s_92_F.jpg,325,92
326_s_148_F.jpg,326,148
326_s_172_F.jpg,326,172
326_s_177_F.jpg,326,177
326_s_204_F.jpg,326,204
326_s_90_F.jpg,326,90
326_s_96_F.jpg,326,96
327_s_114_F.jpg,327,114
327_s_164_F.jpg,327,164
327_s_177_F.jpg,327,177
327_s_206_F.jpg,327,206
327_s_81_F.jpg,327,81
328_s_104_F.jpg,328,104
328_s_109_M.jpg,328,109
328_s_152_F.jpg,328,152
328_s_177_F.jpg,328,177
328_s_209_F.jpg,328,209
328_s_282_F.jpg,328,282
329_s_110_F.jpg,329,110
329_s_117_M.jpg,329,117
329_s_152_F.jpg,329,152
329_s_177_F.jpg,329,177
329_s_211_F.jpg,329,211
329_s_87_F.jpg,329,87
330_s_111_F.jpg,330,111
330_s_114_F.jpg,330,114
330_s_140_F.jpg,330,140
330_s_163_F.jpg,330,163
330_s_177_F.jpg,330,177
331_s_131_F.jpg,331,131
331_s_133_F.jpg,331,133
331_s_160_F.jpg,331,160
331_s_167_F.jpg,331,167
331_s_212_F.jpg,331,212
332_s_104_F.jpg,332,104
332_s_141_F.jpg,332,141
332_s_172_F.jpg,332,172
332_s_179_F.jpg,332,179
332_s_212_F.jpg,332,212
332_s_304_F.jpg,332,304
333_s_125_F.jpg,333,125
333_s_140_F.jpg,333,140
333_s_143_F.jpg,333,143
333_s_179_M.jpg,333,179
333_s_212_F.jpg,333,212
333_s_91_F.jpg,333,91
334_s_102_F.jpg,334,102
334_s_131_F.jpg,334,131
334_s_150_F.jpg,334,150
334_s_179_F.jpg,334,179
334_s_181_F.jpg,334,181
334_s_214_F.jpg,334,214
335_s_102_F.jpg,335,102
335_s_114_F.jpg,335,114
335_s_143_M.jpg,335,143
335_s_180_F.jpg,335,180
335_s_215_F.jpg,335,215
335_s_87_F.jpg,335,87
336_s_135_F.jpg,336,135
336_s_141_F.jpg,336,141
336_s_180_F.jpg,336,180
336_s_215_F.jpg,336,215
336_s_224_F.jpg,336,224
336_s_63_M.jpg,336,63
337_s_149_F.jpg,337,149
337_s_180_F.jpg,337,180
337_s_183_F.jpg,337,183
337_s_215_F.jpg,337,215
337_s_226_F.jpg,337,226
337_s_54_F.jpg,337,54
338_s_134_F.jpg,338,134
338_s_167_F.jpg,338,167
338_s_172_F.jpg,338,172
338_s_181_M.jpg,338,181
338_s_215_F.jpg,338,215
338_s_74_F.jpg,338,74
339_s_136_F.jpg,339,136
339_s_181_F.jpg,339,181
339_s_215_F.jpg,339,215
339_s_51_M.jpg,339,51
339_s_91_M.jpg,339,91
340_s_106_M.jpg,340,106
340_s_168_F.jpg,340,168
340_s_181_F.jpg,340,181
340_s_215_M.jpg,340,215
340_s_48_F.jpg,340,48
340_s_89_F.jpg,340,89
341_s_126_F.jpg,341,126
341_s_149_F.jpg,341,149
341_s_181_F.jpg,341,181
341_s_215_F.jpg,341,215
341_s_50_F.jpg,341,50
342_s_138_F.jpg,342,138
342_s_159_F.jpg,342,159
342_s_164_F.jpg,342,164
342_s_181_F.jpg,342,181
342_s_216_F.jpg,342,216
342_s_245_F.jpg,342,245
343_s_160_F.jpg,343,160
343_s_168_F.jpg,343,168
343_s_183_F.jpg,343,183
343_s_217_F.jpg,343,217
343_s_66_F.jpg,343,66
343_s_96_F.jpg,343,96
344_s_159_F.jpg,344,159
344_s_167_F.jpg,344,167
344_s_183_F.jpg,344,183
344_s_219_F.jpg,344,219
344_s_51_F.jpg,344,51
345_s_107_M.jpg,345,107
345_s_168_F.jpg,345,168
345_s_183_F.jpg,345,183
345_s_186_F.jpg,345,186
345_s_221_F.jpg,345,221
345_s_240_F.jpg,345,240
346_s_117_M.jpg,346,117
346_s_164_F.jpg,346,164
346_s_183_F.jpg,346,183
346_s_223_F.jpg,346,223
346_s_313_M.jpg,346,313
347_s_183_F.jpg,347,183
347_s_190_F.jpg,347,190
347_s_200_F.jpg,347,200
347_s_223_F.jpg,347,223
347_s_96_F.jpg,347,96
348_s_117_F.jpg,348,117
348_s_136_F.jpg,348,136
348_s_173_M.jpg,348,173
348_s_203_F.jpg,348,203
348_s_223_F.jpg,348,223
349_s_115_F.jpg,349,115
349_s_159_F.jpg,349,159
349_s_183_F.jpg,349,183
349_s_223_F.jpg,349,223
349_s_245_F.jpg,349,245
349_s_98_F.jpg,349,98
350_s_114_F.jpg,350,114
350_s_125_F.jpg,350,125
350_s_146_F.jpg,350,146
350_s_172_M.jpg,350,172
350_s_184_F.jpg,350,184
350_s_229_F.jpg,350,229
351_s_112_F.jpg,351,112
351_s_131_M.jpg,351,131
351_s_168_F.jpg,351,168
351_s_185_F.jpg,351,185
351_s_229_F.jpg,351,229
351_s_80_F.jpg,351,80
352_s_150_F.jpg,352,150
352_s_172_M.jpg,352,172
352_s_185_F.jpg,352,185
352_s_186_M.jpg,352,186
352_s_203_M.jpg,352,203
352_s_245_F.jpg,352,245
353_s_114_F.jpg,353,114
353_s_153_M.jpg,353,153
353_s_185_F.jpg,353,185
353_s_190_M.jpg,353,190
353_s_245_F.jpg,353,245
353_s_370_F.jpg,353,370
354_s_114_F.jpg,354,114
354_s_115_F.jpg,354,115
354_s_186_F.jpg,354,186
354_s_197_F.jpg,354,197
354_s_224_F.jpg,354,224
354_s_246_M.jpg,354,246
355_s_104_M.jpg,355,104
355_s_147_M.jpg,355,147
355_s_181_F.jpg,355,181
355_s_186_F.jpg,355,186
355_s_202_F.jpg,355,202
355_s_247_F.jpg,355,247
356_s_120_F.jpg,356,120
356_s_123_M.jpg,356,123
356_s_181_F.jpg,356,181
356_s_186_F.jpg,356,186
356_s_240_F.jpg,356,240
356_s_259_F.jpg,356,259
357_s_106_F.jpg,357,106
357_s_131_M.jpg,357,131
357_s_147_F.jpg,357,147
357_s_187_F.jpg,357,187
357_s_197_M.jpg,357,197
357_s_289_F.jpg,357,289
358_s_129_F.jpg,358,129
358_s_135_F.jpg,358,135
358_s_177_F.jpg,358,177
358_s_187_F.jpg,358,187
358_s_307_F.jpg,358,307
358_s_465_F.jpg,358,465
359_s_141_M.jpg,359,141
359_s_169_F.jpg,359,169
359_s_187_F.jpg,359,187
359_s_310_F.jpg,359,310
359_s_374_F.jpg,359,374
359_s_94_F.jpg,359,94
360_s_104_F.jpg,360,104
360_s_152_F.jpg,360,152
360_s_162_F.jpg,360,162
360_s_187_F.jpg,360,187
360_s_267_F.jpg,360,267
360_s_323_M.jpg,360,323
361_s_141_F.jpg,361,141
361_s_150_F.jpg,361,150
361_s_160_F.jpg,361,160
361_s_282_F.jpg,361,282
361_s_335_F.jpg,361,335
362_s_135_F.jpg,362,135
362_s_183_F.jpg,362,183
362_s_188_F.jpg,362,188
362_s_209_F.jpg,362,209
362_s_215_F.jpg,362,215
362_s_337_F.jpg,362,337
363_s_137_F.jpg,363,137
363_s_176_F.jpg,363,176
363_s_188_F.jpg,363,188
363_s_236_M.jpg,363,236
363_s_378_M.jpg,363,378
363_s_94_M.jpg,363,94
364_s_138_F.jpg,364,138
364_s_147_F.jpg,364,147
364_s_163_F.jpg,364,163
364_s_179_F.jpg,364,179
364_s_188_F.jpg,364,188
364_s_481_M.jpg,364,481
365_s_143_F.jpg,365,143
365_s_147_F.jpg,365,147
365_s_188_F.jpg,365,188
365_s_200_F.jpg,365,200
366_s_133_M.jpg,366,133
366_s_188_F.jpg,366,188
366_s_189_F.jpg,366,189
366_s_199_F.jpg,366,199
366_s_92_F.jpg,366,92
367_s_123_F.jpg,367,123
367_s_190_F.jpg,367,190
367_s_196_F.jpg,367,196
367_s_204_F.jpg,367,204
367_s_99_F.jpg,367,99
368_s_114_F.jpg,368,114
368_s_152_F.jpg,368,152
368_s_190_F.jpg,368,190
368_s_212_M.jpg,368,212
368_s_291_F.jpg,368,291
369_s_126_F.jpg,369,126
369_s_136_F.jpg,369,136
369_s_158_F.jpg,369,158
369_s_164_F.jpg,369,164
369_s_190_F.jpg,369,190
370_s_136_F.jpg,370,136
370_s_156_F.jpg,370,156
370_s_190_F.jpg,370,190
370_s_214_F.jpg,370,214
371_s_140_F.jpg,371,140
371_s_149_M.jpg,371,149
371_s_156_F.jpg,371,156
371_s_176_F.jpg,371,176
371_s_190_F.jpg,371,190
372_s_109_F.jpg,372,109
372_s_164_F.jpg,372,164
372_s_190_F.jpg,372,190
372_s_309_F.jpg,372,309
372_s_76_F.jpg,372,76
373_s_133_F.jpg,373,133
373_s_147_F.jpg,373,147
373_s_190_F.jpg,373,190
373_s_209_F.jpg,373,209
373_s_255_F.jpg,373,255
374_s_156_F.jpg,374,156
374_s_177_F.jpg,374,177
374_s_190_F.jpg,374,190
375_s_142_M.jpg,375,142
375_s_158_F.jpg,375,158
375_s_160_F.jpg,375,160
375_s_192_F.jpg,375,192
375_s_74_M.jpg,375,74
376_s_120_F.jpg,376,120
376_s_148_F.jpg,376,148
376_s_156_M.jpg,376,156
376_s_181_F.jpg,376,181
377_s_120_F.jpg,377,120
377_s_152_F.jpg,377,152
377_s_160_F.jpg,377,160
377_s_192_F.jpg,377,192
378_s_140_F.jpg,378,140
378_s_158_F.jpg,378,158
378_s_177_F.jpg,378,177
378_s_192_F.jpg,378,192
378_s_231_F.jpg,378,231
379_s_122_F.jpg,379,122
379_s_160_F.jpg,379,160
379_s_181_F.jpg,379,181
379_s_192_F.jpg,379,192
380_s_133_F.jpg,380,133
380_s_156_F.jpg,380,156
380_s_166_F.jpg,380,166
380_s_169_F.jpg,380,169
380_s_193_F.jpg,380,193
381_s_119_F.jpg,381,119
381_s_131_F.jpg,381,131
381_s_147_M.jpg,381,147
381_s_194_M.jpg,381,194
382_s_109_M.jpg,382,109
382_s_131_F.jpg,382,131
382_s_146_F.jpg,382,146
382_s_194_M.jpg,382,194
382_s_253_F.jpg,382,253
383_s_117_F.jpg,383,117
383_s_148_F.jpg,383,148
383_s_194_F.jpg,383,194
383_s_250_F.jpg,383,250
383_s_99_F.jpg,383,99
384_s_122_F.jpg,384,122
384_s_138_F.jpg,384,138
384_s_194_F.jpg,384,194
384_s_204_M.jpg,384,204
384_s_215_F.jpg,384,215
385_s_104_F.jpg,385,104
385_s_129_M.jpg,385,129
385_s_163_F.jpg,385,163
385_s_194_F.jpg,385,194
385_s_297_F.jpg,385,297
386_s_120_F.jpg,386,120
386_s_148_F.jpg,386,148
386_s_154_F.jpg,386,154
386_s_163_F.jpg,386,163
387_s_146_F.jpg,387,146
387_s_158_F.jpg,387,158
387_s_194_F.jpg,387,194
387_s_78_F.jpg,387,78
387_s_99_F.jpg,387,99
388_s_128_F.jpg,388,128
388_s_150_M.jpg,388,150
388_s_159_F.jpg,388,159
388_s_179_F.jpg,388,179
388_s_196_F.jpg,388,196
389_s_104_M.jpg,389,104
389_s_156_F.jpg,389,156
389_s_197_F.jpg,389,197
389_s_200_M.jpg,389,200
389_s_99_F.jpg,389,99
390_s_156_F.jpg,390,156
390_s_176_F.jpg,390,176
390_s_192_F.jpg,390,192
390_s_197_F.jpg,390,197
390_s_99_F.jpg,390,99
391_s_123_F.jpg,391,123
391_s_129_F.jpg,391,129
391_s_140_F.jpg,391,140
391_s_187_F.jpg,391,187
391_s_197_F.jpg,391,197
392_s_123_M.jpg,392,123
392_s_128_M.jpg,392,128
392_s_143_F.jpg,392,143
392_s_179_F.jpg,392,179
392_s_197_F.jpg,392,197
393_s_131_M.jpg,393,131
393_s_135_F.jpg,393,135
393_s_167_F.jpg,393,167
393_s_197_F.jpg,393,197
393_s_90_M.jpg,393,90
394_s_131_M.jpg,394,131
394_s_144_F.jpg,394,144
394_s_187_F.jpg,394,187
394_s_197_F.jpg,394,197
395_s_120_M.jpg,395,120
395_s_179_F.jpg,395,179
395_s_211_F.jpg,395,211
395_s_96_F.jpg,395,96
396_s_102_M.jpg,396,102
396_s_106_M.jpg,396,106
396_s_131_F.jpg,396,131
396_s_197_F.jpg,396,197
396_s_255_F.jpg,396,255
397_s_104_F.jpg,397,104
397_s_131_F.jpg,397,131
397_s_137_F.jpg,397,137
397_s_197_M.jpg,397,197
397_s_262_F.jpg,397,262
398_s_117_F.jpg,398,117
398_s_174_F.jpg,398,174
398_s_197_F.jpg,398,197
398_s_217_F.jpg,398,217
398_s_78_F.jpg,398,78
399_s_131_F.jpg,399,131
399_s_192_M.jpg,399,192
399_s_197_F.jpg,399,197
399_s_199_F.jpg,399,199
399_s_219_F.jpg,399,219
400_s_181_F.jpg,400,181
400_s_199_F.jpg,400,199
400_s_200_F.jpg,400,200
400_s_621_F.jpg,400,621
400_s_92_F.jpg,400,92
401_s_117_F.jpg,401,117
401_s_168_F.jpg,401,168
401_s_199_F.jpg,401,199
401_s_224_F.jpg,401,224
401_s_90_F.jpg,401,90
402_s_119_M.jpg,402,119
402_s_159_F.jpg,402,159
402_s_192_F.jpg,402,192
402_s_199_F.jpg,402,199
402_s_95_F.jpg,402,95
403_s_102_F.jpg,403,102
403_s_114_F.jpg,403,114
403_s_180_F.jpg,403,180
403_s_181_F.jpg,403,181
403_s_199_F.jpg,403,199
404_s_104_M.jpg,404,104
404_s_149_F.jpg,404,149
404_s_199_F.jpg,404,199
404_s_360_M.jpg,404,360
405_s_102_F.jpg,405,102
405_s_150_F.jpg,405,150
405_s_155_F.jpg,405,155
405_s_199_F.jpg,405,199
406_s_109_F.jpg,406,109
406_s_163_F.jpg,406,163
406_s_82_F.jpg,406,82
407_s_102_F.jpg,407,102
407_s_104_F.jpg,407,104
407_s_159_F.jpg,407,159
407_s_202_F.jpg,407,202
408_s_111_F.jpg,408,111
408_s_144_F.jpg,408,144
408_s_146_F.jpg,408,146
408_s_183_F.jpg,408,183
408_s_202_F.jpg,408,202
409_s_111_F.jpg,409,111
409_s_168_F.jpg,409,168
409_s_172_F.jpg,409,172
409_s_203_F.jpg,409,203
409_s_99_F.jpg,409,99
410_s_117_F.jpg,410,117
410_s_131_F.jpg,410,131
410_s_177_F.jpg,410,177
410_s_194_F.jpg,410,194
411_s_148_F.jpg,411,148
411_s_164_F.jpg,411,164
411_s_181_F.jpg,411,181
411_s_187_F.jpg,411,187
411_s_204_F.jpg,411,204
412_s_140_M.jpg,412,140
412_s_148_F.jpg,412,148
412_s_162_F.jpg,412,162
412_s_204_F.jpg,412,204
412_s_72_M.jpg,412,72
413_s_138_M.jpg,413,138
413_s_142_F.jpg,413,142
413_s_172_F.jpg,413,172
413_s_204_F.jpg,413,204
413_s_94_M.jpg,413,94
414_s_143_F.jpg,414,143
414_s_177_F.jpg,414,177
414_s_203_F.jpg,414,203
414_s_204_F.jpg,414,204
414_s_248_F.jpg,414,248
415_s_129_F.jpg,415,129
415_s_146_F.jpg,415,146
415_s_155_M.jpg,415,155
415_s_204_F.jpg,415,204
416_s_140_M.jpg,416,140
416_s_152_F.jpg,416,152
416_s_196_F.jpg,416,196
416_s_204_F.jpg,416,204
416_s_96_F.jpg,416,96
417_s_109_F.jpg,417,109
417_s_160_F.jpg,417,160
417_s_204_F.jpg,417,204
417_s_297_F.jpg,417,297
418_s_125_F.jpg,418,125
418_s_167_F.jpg,418,167
418_s_197_F.jpg,418,197
418_s_206_F.jpg,418,206
419_s_159_M.jpg,419,159
419_s_160_F.jpg,419,160
419_s_168_F.jpg,419,168
419_s_170_F.jpg,419,170
419_s_208_F.jpg,419,208
420_s_117_M.jpg,420,117
420_s_147_F.jpg,420,147
420_s_152_F.jpg,420,152
420_s_209_F.jpg,420,209
421_s_156_F.jpg,421,156
421_s_168_F.jpg,421,168
421_s_185_F.jpg,421,185
421_s_202_F.jpg,421,202
421_s_209_F.jpg,421,209
422_s_140_M.jpg,422,140
422_s_155_F.jpg,422,155
422_s_167_F.jpg,422,167
422_s_174_F.jpg,422,174
422_s_209_M.jpg,422,209
423_s_134_F.jpg,423,134
423_s_180_F.jpg,423,180
423_s_183_F.jpg,423,183
423_s_211_F.jpg,423,211
424_s_133_F.jpg,424,133
424_s_144_M.jpg,424,144
424_s_155_F.jpg,424,155
424_s_168_F.jpg,424,168
424_s_211_F.jpg,424,211
425_s_102_M.jpg,425,102
425_s_156_F.jpg,425,156
425_s_160_F.jpg,425,160
425_s_180_F.jpg,425,180
425_s_211_F.jpg,425,211
426_s_149_F.jpg,426,149
426_s_155_F.jpg,426,155
426_s_156_F.jpg,426,156
426_s_204_F.jpg,426,204
427_s_140_M.jpg,427,140
427_s_144_F.jpg,427,144
427_s_160_F.jpg,427,160
427_s_211_F.jpg,427,211
428_s_146_F.jpg,428,146
428_s_147_F.jpg,428,147
428_s_171_F.jpg,428,171
428_s_179_F.jpg,428,179
428_s_211_F.jpg,428,211
429_s_122_F.jpg,429,122
429_s_149_F.jpg,429,149
429_s_160_F.jpg,429,160
429_s_211_F.jpg,429,211
429_s_229_F.jpg,429,229
430_s_106_F.jpg,430,106
430_s_119_F.jpg,430,119
430_s_153_F.jpg,430,153
430_s_211_F.jpg,430,211
430_s_213_F.jpg,430,213
431_s_153_F.jpg,431,153
431_s_156_F.jpg,431,156
431_s_177_F.jpg,431,177
431_s_212_F.jpg,431,212
431_s_233_F.jpg,431,233
432_s_122_F.jpg,432,122
432_s_139_F.jpg,432,139
432_s_160_F.jpg,432,160
432_s_177_F.jpg,432,177
432_s_214_F.jpg,432,214
433_s_125_F.jpg,433,125
433_s_126_F.jpg,433,126
433_s_170_F.jpg,433,170
433_s_209_F.jpg,433,209
433_s_214_F.jpg,433,214
434_s_195_F.jpg,434,195
434_s_199_F.jpg,434,199
434_s_215_F.jpg,434,215
434_s_219_F.jpg,434,219
434_s_83_F.jpg,434,83
435_s_140_F.jpg,435,140
435_s_153_F.jpg,435,153
435_s_200_F.jpg,435,200
435_s_215_F.jpg,435,215
435_s_216_F.jpg,435,216
436_s_149_F.jpg,436,149
436_s_190_F.jpg,436,190
436_s_202_F.jpg,436,202
436_s_217_F.jpg,436,217
436_s_90_F.jpg,436,90
437_s_120_F.jpg,437,120
437_s_172_F.jpg,437,172
437_s_177_F.jpg,437,177
437_s_218_F.jpg,437,218
438_s_102_F.jpg,438,102
438_s_154_F.jpg,438,154
438_s_170_F.jpg,438,170
438_s_186_F.jpg,438,186
438_s_218_F.jpg,438,218
439_s_134_F.jpg,439,134
439_s_186_F.jpg,439,186
439_s_218_F.jpg,439,218
439_s_90_F.jpg,439,90
440_s_123_M.jpg,440,123
440_s_140_M.jpg,440,140
440_s_159_F.jpg,440,159
440_s_172_F.jpg,440,172
440_s_218_F.jpg,440,218
441_s_107_F.jpg,441,107
441_s_125_F.jpg,441,125
441_s_181_F.jpg,441,181
441_s_190_F.jpg,441,190
441_s_218_F.jpg,441,218
442_s_125_M.jpg,442,125
442_s_133_M.jpg,442,133
442_s_161_F.jpg,442,161
442_s_218_F.jpg,442,218
442_s_79_F.jpg,442,79
443_s_102_M.jpg,443,102
443_s_125_F.jpg,443,125
443_s_147_F.jpg,443,147
443_s_219_F.jpg,443,219
443_s_226_F.jpg,443,226
444_s_117_F.jpg,444,117
444_s_150_F.jpg,444,150
444_s_176_F.jpg,444,176
444_s_219_F.jpg,444,219
444_s_239_F.jpg,444,239
445_s_102_F.jpg,445,102
445_s_106_M.jpg,445,106
445_s_125_F.jpg,445,125
445_s_204_F.jpg,445,204
445_s_219_F.jpg,445,219
446_s_104_F.jpg,446,104
446_s_111_M.jpg,446,111
446_s_131_F.jpg,446,131
446_s_158_F.jpg,446,158
446_s_219_F.jpg,446,219
447_s_134_F.jpg,447,134
447_s_153_F.jpg,447,153
447_s_164_F.jpg,447,164
447_s_167_F.jpg,447,167
447_s_220_F.jpg,447,220
448_s_102_F.jpg,448,102
448_s_120_F.jpg,448,120
448_s_133_F.jpg,448,133
448_s_143_F.jpg,448,143
448_s_220_F.jpg,448,220
449_s_131_F.jpg,449,131
449_s_149_F.jpg,449,149
449_s_160_F.jpg,449,160
449_s_220_F.jpg,449,220
449_s_85_M.jpg,449,85
450_s_126_F.jpg,450,126
450_s_170_F.jpg,450,170
450_s_220_F.jpg,450,220
450_s_251_F.jpg,450,251
450_s_305_F.jpg,450,305
451_s_120_F.jpg,451,120
451_s_171_F.jpg,451,171
451_s_219_F.jpg,451,219
451_s_220_F.jpg,451,220
451_s_87_F.jpg,451,87
452_s_148_F.jpg,452,148
452_s_160_F.jpg,452,160
452_s_172_F.jpg,452,172
452_s_221_F.jpg,452,221
452_s_224_F.jpg,452,224
453_s_149_F.jpg,453,149
453_s_167_F.jpg,453,167
453_s_177_F.jpg,453,177
453_s_195_F.jpg,453,195
453_s_222_F.jpg,453,222
454_s_147_F.jpg,454,147
454_s_185_F.jpg,454,185
454_s_206_F.jpg,454,206
454_s_208_F.jpg,454,208
454_s_223_F.jpg,454,223
455_s_114_F.jpg,455,114
455_s_150_F.jpg,455,150
455_s_204_F.jpg,455,204
455_s_206_F.jpg,455,206
455_s_225_F.jpg,455,225
456_s_106_F.jpg,456,106
456_s_154_M.jpg,456,154
456_s_164_F.jpg,456,164
456_s_177_F.jpg,456,177
456_s_226_F.jpg,456,226
457_s_114_F.jpg,457,114
457_s_157_F.jpg,457,157
457_s_170_M.jpg,457,170
457_s_209_F.jpg,457,209
457_s_229_F.jpg,457,229
458_s_136_F.jpg,458,136
458_s_167_F.jpg,458,167
458_s_168_F.jpg,458,168
458_s_204_F.jpg,458,204
458_s_229_F.jpg,458,229
459_s_154_F.jpg,459,154
459_s_164_F.jpg,459,164
459_s_199_F.jpg,459,199
459_s_211_F.jpg,459,211
459_s_229_M.jpg,459,229
460_s_102_M.jpg,460,102
460_s_160_F.jpg,460,160
460_s_188_F.jpg,460,188
460_s_229_M.jpg,460,229
460_s_260_F.jpg,460,260
461_s_131_M.jpg,461,131
461_s_156_F.jpg,461,156
461_s_190_F.jpg,461,190
461_s_194_F.jpg,461,194
461_s_231_F.jpg,461,231
462_s_128_F.jpg,462,128
462_s_152_F.jpg,462,152
462_s_232_F.jpg,462,232
463_s_117_M.jpg,463,117
463_s_159_F.jpg,463,159
463_s_188_F.jpg,463,188
463_s_233_F.jpg,463,233
464_s_123_F.jpg,464,123
464_s_135_F.jpg,464,135
464_s_160_F.jpg,464,160
464_s_234_F.jpg,464,234
465_s_127_F.jpg,465,127
465_s_163_M.jpg,465,163
465_s_239_F.jpg,465,239
465_s_85_M.jpg,465,85
466_s_163_F.jpg,466,163
466_s_172_F.jpg,466,172
466_s_239_F.jpg,466,239
467_s_129_F.jpg,467,129
467_s_132_F.jpg,467,132
467_s_135_M.jpg,467,135
467_s_194_F.jpg,467,194
467_s_239_F.jpg,467,239
468_s_106_F.jpg,468,106
468_s_135_M.jpg,468,135
468_s_140_F.jpg,468,140
468_s_159_F.jpg,468,159
468_s_239_F.jpg,468,239
469_s_114_M.jpg,469,114
469_s_123_F.jpg,469,123
469_s_129_F.jpg,469,129
469_s_180_M.jpg,469,180
469_s_240_M.jpg,469,240
470_s_131_F.jpg,470,131
470_s_172_F.jpg,470,172
470_s_194_F.jpg,470,194
470_s_242_F.jpg,470,242
471_s_104_F.jpg,471,104
471_s_129_F.jpg,471,129
471_s_140_F.jpg,471,140
471_s_155_F.jpg,471,155
471_s_243_F.jpg,471,243
472_s_156_M.jpg,472,156
472_s_172_F.jpg,472,172
472_s_196_F.jpg,472,196
472_s_216_F.jpg,472,216
472_s_245_F.jpg,472,245
473_s_106_F.jpg,473,106
473_s_177_M.jpg,473,177
473_s_179_F.jpg,473,179
473_s_216_F.jpg,473,216
474_s_123_F.jpg,474,123
474_s_140_F.jpg,474,140
474_s_179_F.jpg,474,179
474_s_221_F.jpg,474,221
474_s_247_F.jpg,474,247
475_s_104_F.jpg,475,104
475_s_131_M.jpg,475,131
475_s_134_M.jpg,475,134
475_s_199_F.jpg,475,199
475_s_248_F.jpg,475,248
476_s_128_M.jpg,476,128
476_s_141_F.jpg,476,141
476_s_182_F.jpg,476,182
476_s_224_F.jpg,476,224
476_s_250_F.jpg,476,250
477_s_102_F.jpg,477,102
477_s_102_M.jpg,477,102
477_s_164_F.jpg,477,164
477_s_251_F.jpg,477,251
477_s_99_M.jpg,477,99
478_s_109_F.jpg,478,109
478_s_154_F.jpg,478,154
478_s_167_F.jpg,478,167
478_s_179_F.jpg,478,179
478_s_251_F.jpg,478,251
479_s_117_F.jpg,479,117
479_s_125_M.jpg,479,125
480_s_111_F.jpg,480,111
480_s_131_F.jpg,480,131
480_s_255_F.jpg,480,255
480_s_92_M.jpg,480,92
480_s_99_F.jpg,480,99
481_s_134_F.jpg,481,134
481_s_144_F.jpg,481,144
481_s_155_F.jpg,481,155
481_s_177_F.jpg,481,177
481_s_256_F.jpg,481,256
482_s_114_F.jpg,482,114
482_s_123_F.jpg,482,123
482_s_176_F.jpg,482,176
482_s_258_F.jpg,482,258
482_s_81_F.jpg,482,81
483_s_104_F.jpg,483,104
483_s_159_F.jpg,483,159
483_s_189_F.jpg,483,189
483_s_259_F.jpg,483,259
484_s_115_F.jpg,484,115
484_s_150_F.jpg,484,150
484_s_169_F.jpg,484,169
484_s_260_F.jpg,484,260
484_s_78_F.jpg,484,78
485_s_136_F.jpg,485,136
485_s_155_F.jpg,485,155
485_s_164_F.jpg,485,164
485_s_256_F.jpg,485,256
485_s_265_F.jpg,485,265
486_s_133_F.jpg,486,133
486_s_163_F.jpg,486,163
486_s_229_F.jpg,486,229
486_s_268_F.jpg,486,268
486_s_94_M.jpg,486,94
487_s_117_F.jpg,487,117
487_s_127_F.jpg,487,127
487_s_170_F.jpg,487,170
487_s_199_F.jpg,487,199
487_s_270_F.jpg,487,270
488_s_104_F.jpg,488,104
488_s_111_F.jpg,488,111
488_s_128_M.jpg,488,128
488_s_152_M.jpg,488,152
488_s_277_F.jpg,488,277
489_s_155_F.jpg,489,155
489_s_185_F.jpg,489,185
489_s_187_F.jpg,489,187
489_s_280_F.jpg,489,280
489_s_71_F.jpg,489,71
490_s_149_M.jpg,490,149
490_s_155_F.jpg,490,155
490_s_162_F.jpg,490,162
490_s_166_F.jpg,490,166
490_s_285_F.jpg,490,285
491_s_128_F.jpg,491,128
491_s_153_F.jpg,491,153
491_s_233_F.jpg,491,233
491_s_289_F.jpg,491,289
492_s_128_F.jpg,492,128
492_s_138_F.jpg,492,138
492_s_147_F.jpg,492,147
492_s_230_F.jpg,492,230
492_s_295_F.jpg,492,295
493_s_107_F.jpg,493,107
493_s_172_F.jpg,493,172
493_s_227_F.jpg,493,227
493_s_309_F.jpg,493,309
493_s_90_M.jpg,493,90
494_s_138_F.jpg,494,138
494_s_143_F.jpg,494,143
494_s_155_F.jpg,494,155
494_s_218_F.jpg,494,218
494_s_322_F.jpg,494,322
495_s_159_F.jpg,495,159
495_s_168_F.jpg,495,168
495_s_194_F.jpg,495,194
495_s_204_M.jpg,495,204
495_s_323_F.jpg,495,323
496_s_144_F.jpg,496,144
496_s_174_F.jpg,496,174
496_s_239_F.jpg,496,239
496_s_326_F.jpg,496,326
497_s_148_F.jpg,497,148
497_s_166_F.jpg,497,166
497_s_254_F.jpg,497,254
497_s_65_M.jpg,497,65
498_s_111_F.jpg,498,111
498_s_144_F.jpg,498,144
498_s_154_F.jpg,498,154
498_s_277_F.jpg,498,277
498_s_348_F.jpg,498,348
499_s_128_F.jpg,499,128
499_s_148_F.jpg,499,148
499_s_170_F.jpg,499,170
499_s_267_F.jpg,499,267
499_s_358_F.jpg,499,358
500_s_127_F.jpg,500,127
500_s_154_F.jpg,500,154
500_s_277_F.jpg,500,277
500_s_360_F.jpg,500,360
501_s_158_F.jpg,501,158
501_s_420_F.jpg,501,420
502_s_169_F.jpg,502,169
503_s_99_F.jpg,503,99
504_s_180_F.jpg,504,180
505_s_146_F.jpg,505,146
506_s_117_F.jpg,506,117
507_s_135_F.jpg,507,135
509_s_149_F.jpg,509,149
510_s_111_M.jpg,510,111
511_s_149_F.jpg,511,149
512_s_140_F.jpg,512,140
513_s_104_M.jpg,513,104
514_s_99_F.jpg,514,99
515_s_152_F.jpg,515,152
